filename,width,height,class,xmin,ymin,xmax,ymax
band_106.jpg,340,340,band,6,53,99,119
band_106.jpg,340,340,band,176,52,307,129
band_106.jpg,340,340,band,202,183,307,221
band_106.jpg,340,340,band,172,219,340,300
band_106.jpg,340,340,band,39,220,142,304
band_106.jpg,340,340,band,70,49,167,120
band_111.jpg,340,227,band,115,34,169,122
band_111.jpg,340,227,band,54,143,162,208
band_111.jpg,340,227,band,219,52,312,129
band_114.jpg,340,255,band,156,51,289,140
band_114.jpg,340,255,band,115,39,199,224
band_114.jpg,340,255,band,86,78,290,229
band_114.jpg,340,255,band,63,91,207,199
band_115.jpg,340,340,band,54,92,106,162
band_115.jpg,340,340,band,104,97,155,164
band_115.jpg,340,340,band,148,89,213,163
band_115.jpg,340,340,band,211,98,271,164
band_115.jpg,340,340,band,265,126,319,203
band_115.jpg,340,340,band,220,161,273,231
band_115.jpg,340,340,band,169,163,222,239
band_115.jpg,340,340,band,120,161,172,228
band_115.jpg,340,340,band,66,156,121,224
band_115.jpg,340,340,band,14,129,67,207
band_116.jpg,340,567,band,73,138,165,213
band_116.jpg,340,567,band,183,149,280,216
band_116.jpg,340,567,band,177,170,283,246
band_116.jpg,340,567,band,171,251,278,336
band_116.jpg,340,567,band,60,207,166,293
band_116.jpg,340,567,band,65,293,166,385
band_116.jpg,340,567,band,180,337,293,438
band_117.jpg,340,600,band,84,61,311,283
band_117.jpg,340,600,band,26,294,268,511
band_118.jpg,340,255,band,90,63,237,214
band_122.jpg,340,453,band,11,144,129,247
band_122.jpg,340,453,band,116,139,225,248
band_122.jpg,340,453,band,216,132,331,235
band_122.jpg,340,453,band,165,192,298,318
band_122.jpg,340,453,band,39,207,165,323
band_125.jpg,340,255,band,66,48,281,208
band_126.jpg,340,277,band,19,30,330,261
band_129.jpg,340,340,band,46,68,229,237
band_129.jpg,340,340,band,154,152,288,277
band_131.jpg,340,340,band,64,87,264,228
band_136.jpg,340,191,band,68,72,258,121
band_138.jpg,340,453,band,137,186,259,344
band_15.jpg,340,453,band,78,208,335,425
band_16.jpg,340,340,band,22,66,113,165
band_16.jpg,340,340,band,150,27,248,119
band_16.jpg,340,340,band,194,108,311,229
band_16.jpg,340,340,band,44,175,194,301
band_17.jpg,340,271,band,59,65,127,114
band_17.jpg,340,271,band,24,125,87,194
band_17.jpg,340,271,band,132,82,272,209
band_18.jpg,340,340,band,27,157,119,220
band_18.jpg,340,340,band,197,91,287,153
band_18.jpg,340,340,band,213,145,317,224
band_18.jpg,340,340,band,116,126,211,190
band_18.jpg,340,340,band,127,191,225,274
band_18.jpg,340,340,band,43,214,163,295
band_19.jpg,340,340,band,21,98,310,273
band_2.jpg,340,340,band,61,103,278,318
band_20.jpg,340,340,band,192,102,323,212
band_20.jpg,340,340,band,17,85,175,212
band_20.jpg,340,340,band,89,205,264,312
band_22.jpg,340,340,band,30,41,177,206
band_22.jpg,340,340,band,180,51,327,206
band_22.jpg,340,340,band,10,133,162,298
band_22.jpg,340,340,band,170,134,328,293
band_26.jpg,340,340,band,107,24,214,100
band_26.jpg,340,340,band,48,79,170,170
band_26.jpg,340,340,band,1,145,117,260
band_26.jpg,340,340,band,224,53,340,138
band_26.jpg,340,340,band,179,112,308,211
band_26.jpg,340,340,band,122,184,264,310
band_27.jpg,340,227,band,169,26,216,84
band_28.jpg,340,340,band,67,43,134,101
band_28.jpg,340,340,band,155,52,229,122
band_28.jpg,340,340,band,257,68,326,130
band_28.jpg,340,340,band,245,141,324,209
band_28.jpg,340,340,band,141,121,224,195
band_28.jpg,340,340,band,32,110,105,176
band_28.jpg,340,340,band,6,192,94,264
band_28.jpg,340,340,band,105,209,208,294
band_28.jpg,340,340,band,222,222,310,317
band_38.jpg,340,453,band,106,53,269,206
band_38.jpg,340,453,band,91,247,284,411
band_40.jpg,340,340,band,23,145,95,198
band_40.jpg,340,340,band,115,143,188,204
band_40.jpg,340,340,band,242,141,320,196
band_41.jpg,340,340,band,4,11,89,105
band_41.jpg,340,340,band,126,13,209,111
band_41.jpg,340,340,band,241,17,329,120
band_41.jpg,340,340,band,191,121,305,225
band_41.jpg,340,340,band,60,101,149,221
band_41.jpg,340,340,band,122,208,223,333
band_42.jpg,340,340,band,5,95,162,252
band_42.jpg,340,340,band,73,105,241,231
band_42.jpg,340,340,band,126,84,300,207
band_42.jpg,340,340,band,213,68,340,237
band_43.jpg,340,342,band,53,146,147,243
band_43.jpg,340,342,band,204,150,305,244
band_43.jpg,340,342,band,179,58,277,162
band_43.jpg,340,342,band,106,95,206,192
band_43.jpg,340,342,band,144,200,246,302
band_44.jpg,340,453,band,82,28,281,207
band_44.jpg,340,453,band,80,247,271,427
band_46.jpg,340,340,band,78,220,228,313
band_46.jpg,340,340,band,238,163,318,242
band_47.jpg,340,453,band,59,83,130,164
band_47.jpg,340,453,band,78,349,197,431
band_55.jpg,340,165,band,64,3,177,129
band_56.jpg,340,230,band,15,40,312,202
band_57.jpg,340,340,band,14,77,139,193
band_57.jpg,340,340,band,219,89,308,162
band_57.jpg,340,340,band,219,155,329,261
band_57.jpg,340,340,band,128,182,219,261
band_57.jpg,340,340,band,141,104,223,183
band_57.jpg,340,340,band,42,192,116,271
band_59.jpg,340,340,band,119,215,229,303
band_6.jpg,340,340,band,23,74,317,282
band_62.jpg,340,191,band,47,15,213,149
band_64.jpg,340,453,band,1,72,340,291
band_67.jpg,340,255,band,77,60,318,233
band_69.jpg,340,255,band,24,64,164,197
band_7.jpg,340,227,band,82,27,283,200
band_71.jpg,340,453,band,68,155,286,396
band_72.jpg,340,340,band,19,106,200,290
band_72.jpg,340,340,band,134,62,328,220
band_77.jpg,340,340,band,3,204,69,262
band_77.jpg,340,340,band,226,204,287,266
band_77.jpg,340,340,band,158,240,220,311
band_77.jpg,340,340,band,48,258,154,330
band_77.jpg,340,340,band,138,150,224,224
band_78.jpg,340,340,band,17,22,164,165
band_78.jpg,340,340,band,178,178,323,322
band_78.jpg,340,340,band,4,166,151,319
band_80.jpg,340,165,band,39,31,174,164
band_80.jpg,340,165,band,165,13,283,141
band_83.jpg,340,340,band,1,193,219,336
band_83.jpg,340,340,band,11,35,90,102
band_83.jpg,340,340,band,78,101,170,185
band_83.jpg,340,340,band,172,114,265,194
band_83.jpg,340,340,band,1,105,88,173
band_86.jpg,340,340,band,22,1,249,153
band_86.jpg,340,340,band,186,108,337,337
band_86.jpg,340,340,band,1,178,188,340
band_87.jpg,340,191,band,69,2,259,173
band_89.jpg,340,600,band,45,169,297,369
band_92.jpg,340,227,band,61,103,165,187
band_93.jpg,340,567,band,9,85,340,485
band_99.jpg,340,255,band,68,105,287,236
chairLegs_1.jpg,340,340,chair_legs,85,74,297,318
chairLegs_10.jpg,340,600,chair_legs,6,169,311,485
chairLegs_101.jpg,340,398,chair_legs,57,162,292,378
chairLegs_106.jpg,340,255,chair_legs,74,45,171,193
chairLegs_106.jpg,340,255,chair_legs,179,44,266,198
chairLegs_107.jpg,340,255,chair_legs,40,18,294,255
chairLegs_108.jpg,340,259,chair_legs,54,49,291,222
chairLegs_110.jpg,340,227,chair_legs,31,1,314,202
chairLegs_112.jpg,340,255,chair_legs,138,80,209,247
chairLegs_114.jpg,340,340,chair_legs,7,45,276,312
chairLegs_116.jpg,340,226,chair_legs,29,26,237,226
chairLegs_118.jpg,340,340,chair_legs,48,26,292,264
chairLegs_12.jpg,340,340,chair_legs,37,86,315,313
chairLegs_121.jpg,340,340,chair_legs,79,128,281,292
chairLegs_124.jpg,340,215,chair_legs,77,98,179,203
chairLegs_124.jpg,340,215,chair_legs,224,95,327,205
chairLegs_125.jpg,340,255,chair_legs,192,118,287,223
chairLegs_126.jpg,340,453,chair_legs,50,89,292,333
chairLegs_134.jpg,340,511,chair_legs,86,265,293,475
chairLegs_140.jpg,340,255,chair_legs,40,28,226,218
chairLegs_141.jpg,340,453,chair_legs,66,208,273,427
chairLegs_142.jpg,340,510,chair_legs,12,283,337,496
chairLegs_144.jpg,340,165,chair_legs,4,3,154,140
chairLegs_144.jpg,340,165,chair_legs,186,1,336,137
chairLegs_146.jpg,340,600,chair_legs,68,292,292,554
chairLegs_16.jpg,340,340,chair_legs,31,41,336,281
chairLegs_17.jpg,340,191,chair_legs,109,54,224,169
chairLegs_18.jpg,340,340,chair_legs,77,31,282,317
chairLegs_19.jpg,340,453,chair_legs,27,161,329,453
chairLegs_20.jpg,340,338,chair_legs,28,3,339,318
chairLegs_21.jpg,340,300,chair_legs,59,49,298,270
chairLegs_22.jpg,340,453,chair_legs,34,94,291,342
chairLegs_25.jpg,340,315,chair_legs,24,45,321,302
chairLegs_27.jpg,340,499,chair_legs,68,238,252,452
chairLegs_29.jpg,340,255,chair_legs,38,113,127,202
chairLegs_29.jpg,340,255,chair_legs,150,118,223,198
chairLegs_29.jpg,340,255,chair_legs,222,109,308,197
chairLegs_32.jpg,340,340,chair_legs,12,65,333,328
chairLegs_33.jpg,340,340,chair_legs,69,152,245,302
chairLegs_35.jpg,340,340,chair_legs,97,180,305,297
chairLegs_37.jpg,340,454,chair_legs,84,172,340,444
chairLegs_4.jpg,340,340,chair_legs,10,33,340,311
chairLegs_40.jpg,340,454,chair_legs,28,191,319,423
chairLegs_41.jpg,340,340,chair_legs,69,143,251,306
chairLegs_42.jpg,340,265,chair_legs,72,126,188,248
chairLegs_43.jpg,340,358,chair_legs,1,19,340,321
chairLegs_45.jpg,340,340,chair_legs,92,154,219,308
chairLegs_46.jpg,340,340,chair_legs,141,142,286,333
chairLegs_48.jpg,340,255,chair_legs,165,66,316,217
chairLegs_5.jpg,340,340,chair_legs,14,52,323,302
chairLegs_50.jpg,340,600,chair_legs,58,219,229,435
chairLegs_54.jpg,340,453,chair_legs,4,51,338,363
chairLegs_57.jpg,340,453,chair_legs,71,138,291,404
chairLegs_59.jpg,340,340,chair_legs,58,97,241,318
chairLegs_6.jpg,340,340,chair_legs,69,45,296,217
chairLegs_7.jpg,340,340,chair_legs,5,22,187,215
chairLegs_7.jpg,340,340,chair_legs,201,89,337,211
chairLegs_70.jpg,340,340,chair_legs,11,44,327,330
chairLegs_8.jpg,340,340,chair_legs,66,100,292,325
chairLegs_80.jpg,340,340,chair_legs,73,96,336,320
chairLegs_81.jpg,340,227,chair_legs,104,65,263,199
chairLegs_83.jpg,340,340,chair_legs,14,52,297,321
chairLegs_9.jpg,340,340,chair_legs,46,45,254,212
chairLegs_90.jpg,340,479,chair_legs,39,242,307,470
chairLegs_91.jpg,340,480,chair_legs,13,6,324,470
chairLegs_94.jpg,340,453,chair_legs,25,127,269,423
chairLegs_96.jpg,340,454,chair_legs,23,254,180,431
chairLegs_96.jpg,340,454,chair_legs,193,231,305,325
curtain_104.jpg,340,255,curtain,193,224,339,255
curtain_12.jpg,340,453,curtain,189,283,257,304
curtain_12.jpg,340,453,curtain,43,306,172,340
curtain_130.jpg,340,334,curtain,20,249,245,294
curtain_139.jpg,340,440,curtain,35,382,194,419
curtain_14.jpg,340,211,curtain,245,60,284,211
curtain_16.jpg,340,214,curtain,132,185,306,207
curtain_17.jpg,340,453,curtain,65,354,210,449
curtain_20.jpg,340,453,curtain,62,418,121,453
curtain_22.jpg,340,255,curtain,137,229,184,255
curtain_23.jpg,340,255,curtain,50,219,122,249
curtain_23.jpg,340,255,curtain,234,195,264,208
curtain_25.jpg,340,165,curtain,55,77,250,103
curtain_27.jpg,340,453,curtain,127,326,178,356
curtain_27.jpg,340,453,curtain,244,361,288,388
curtain_31.jpg,340,453,curtain,133,291,219,351
curtain_32.jpg,340,453,curtain,64,307,128,333
curtain_32.jpg,340,453,curtain,170,329,245,351
curtain_33.jpg,340,453,curtain,105,435,146,453
curtain_36.jpg,340,453,curtain,79,324,117,337
curtain_40.jpg,340,255,curtain,86,221,160,244
curtain_40.jpg,340,255,curtain,181,222,261,244
curtain_44.jpg,340,278,curtain,26,244,99,264
curtain_44.jpg,340,278,curtain,125,255,193,276
curtain_45.jpg,340,340,curtain,225,241,317,266
curtain_45.jpg,340,340,curtain,72,233,155,248
curtain_55.jpg,340,238,curtain,44,198,213,225
curtain_56.jpg,340,340,curtain,22,256,113,284
curtain_63.jpg,340,340,curtain,95,283,271,306
curtain_66.jpg,340,447,curtain,2,241,340,346
curtain_67.jpg,340,255,curtain,77,222,173,242
curtain_7.jpg,340,453,curtain,145,357,210,394
curtain_81.jpg,340,508,curtain,2,476,103,508
curtain_81.jpg,340,508,curtain,255,477,328,508
curtain_82.jpg,340,255,curtain,54,183,132,202
curtain_83.jpg,340,255,curtain,83,179,191,196
curtain_84.jpg,340,255,curtain,109,229,243,255
curtain_85.jpg,340,227,curtain,42,166,300,211
curtain_89.jpg,340,227,curtain,37,122,96,157
curtain_89.jpg,340,227,curtain,141,180,194,223
curtain_9.jpg,340,453,curtain,108,377,184,411
curtain_90.jpg,340,488,curtain,180,400,320,455
electricWire_10.jpg,340,453,electric_wire,25,115,315,398
electricWire_100.jpg,340,453,electric_wire,115,33,273,433
electricWire_103.jpg,340,453,electric_wire,105,73,337,333
electricWire_104.jpg,340,325,electric_wire,1,3,311,227
electricWire_109.jpg,340,340,electric_wire,1,46,232,156
electricWire_11.jpg,340,340,electric_wire,27,124,340,227
electricWire_112.jpg,340,381,electric_wire,2,6,194,378
electricWire_116.jpg,340,453,electric_wire,84,148,237,350
electricWire_123.jpg,340,340,electric_wire,30,122,340,241
electricWire_126.jpg,340,165,electric_wire,17,2,227,103
electricWire_128.jpg,340,215,electric_wire,103,27,305,152
electricWire_134.jpg,340,453,electric_wire,68,16,219,453
electricWire_137.jpg,340,165,electric_wire,1,79,261,159
electricWire_138.jpg,340,255,electric_wire,52,16,110,222
electricWire_138.jpg,340,255,electric_wire,120,41,311,202
electricWire_140.jpg,340,165,electric_wire,37,47,253,116
electricWire_18.jpg,340,255,electric_wire,67,132,318,185
electricWire_18.jpg,340,255,electric_wire,89,58,332,114
electricWire_19.jpg,340,226,electric_wire,65,24,274,226
electricWire_20.jpg,340,316,electric_wire,42,109,340,181
electricWire_36.jpg,340,600,electric_wire,73,102,259,220
electricWire_40.jpg,340,226,electric_wire,98,10,238,178
electricWire_41.jpg,340,453,electric_wire,187,115,320,327
electricWire_44.jpg,340,255,electric_wire,14,1,322,248
electricWire_45.jpg,340,191,electric_wire,149,77,303,183
electricWire_46.jpg,340,499,electric_wire,103,178,139,499
electricWire_54.jpg,340,453,electric_wire,19,61,245,310
electricWire_56.jpg,340,251,electric_wire,59,17,251,232
electricWire_59.jpg,340,340,electric_wire,59,58,340,265
electricWire_60.jpg,340,282,electric_wire,28,105,340,194
electricWire_62.jpg,340,255,electric_wire,73,38,279,255
electricWire_63.jpg,340,255,electric_wire,186,103,309,222
electricWire_69.jpg,340,340,electric_wire,57,114,260,226
electricWire_69.jpg,340,340,electric_wire,75,274,264,288
electricWire_7.jpg,340,340,electric_wire,1,205,252,253
electricWire_70.jpg,340,340,electric_wire,136,163,340,263
electricWire_71.jpg,340,340,electric_wire,24,69,315,293
electricWire_74.jpg,340,453,electric_wire,5,1,340,145
electricWire_75.jpg,340,226,electric_wire,78,115,298,195
electricWire_78.jpg,340,247,electric_wire,99,168,320,211
electricWire_82.jpg,340,340,electric_wire,129,64,210,340
electricWire_90.jpg,340,340,electric_wire,2,103,340,281
electricWire_91.jpg,340,340,electric_wire,47,31,303,267
laundryBar_100.jpg,340,340,laundry,8,72,334,298
laundryBar_105.jpg,340,297,laundry,239,164,321,281
laundryBar_106.jpg,340,340,laundry,282,153,340,334
laundryBar_107.jpg,340,340,laundry,17,42,320,311
laundryBar_108.jpg,340,340,laundry,57,18,277,321
laundryBar_109.jpg,340,340,laundry,45,37,302,305
laundryBar_111.jpg,340,255,laundry,96,57,231,246
laundryBar_113.jpg,340,453,laundry,1,1,83,365
laundryBar_12.jpg,340,453,laundry,51,10,276,439
laundryBar_120.jpg,340,203,laundry,51,12,321,203
laundryBar_121.jpg,340,255,laundry,17,6,275,253
laundryBar_122.jpg,340,324,laundry,6,12,334,309
laundryBar_123.jpg,340,338,laundry,14,48,298,310
laundryBar_125.jpg,340,268,laundry,21,8,295,260
laundryBar_126.jpg,340,340,laundry,10,57,322,288
laundryBar_127.jpg,340,453,laundry,98,14,284,445
laundryBar_129.jpg,340,453,laundry,28,132,269,423
laundryBar_131.jpg,340,453,laundry,74,122,317,453
laundryBar_132.jpg,340,340,laundry,54,55,278,318
laundryBar_133.jpg,340,340,laundry,11,103,334,317
laundryBar_134.jpg,340,340,laundry,28,66,254,326
laundryBar_135.jpg,340,294,laundry,50,29,314,284
laundryBar_136.jpg,340,497,laundry,18,39,330,496
laundryBar_137.jpg,340,453,laundry,9,138,335,446
laundryBar_138.jpg,340,453,laundry,47,45,307,453
laundryBar_139.jpg,340,225,laundry,21,3,267,221
laundryBar_14.jpg,340,340,laundry,21,50,320,302
laundryBar_140.jpg,340,340,laundry,8,8,310,279
laundryBar_141.jpg,340,227,laundry,10,10,292,226
laundryBar_142.jpg,340,340,laundry,50,39,279,299
laundryBar_143.jpg,340,453,laundry,15,81,330,427
laundryBar_144.jpg,340,340,laundry,2,55,334,320
laundryBar_15.jpg,340,340,laundry,25,68,318,321
laundryBar_16.jpg,340,340,laundry,97,15,246,326
laundryBar_17.jpg,340,340,laundry,25,27,248,326
laundryBar_19.jpg,340,227,laundry,146,80,247,197
laundryBar_20.jpg,340,453,laundry,9,27,324,436
laundryBar_21.jpg,340,227,laundry,55,44,195,227
laundryBar_25.jpg,340,255,laundry,108,77,225,235
laundryBar_26.jpg,340,453,laundry,41,29,316,453
laundryBar_32.jpg,340,340,laundry,15,41,335,334
laundryBar_37.jpg,340,340,laundry,17,51,320,310
laundryBar_38.jpg,340,340,laundry,36,50,338,333
laundryBar_40.jpg,340,340,laundry,21,114,333,253
laundryBar_41.jpg,340,340,laundry,96,128,222,314
laundryBar_43.jpg,340,227,laundry,202,78,255,167
laundryBar_51.jpg,340,340,laundry,66,39,176,303
laundryBar_55.jpg,340,191,laundry,97,33,212,146
laundryBar_57.jpg,340,227,laundry,123,17,213,223
laundryBar_59.jpg,340,340,laundry,8,181,330,242
laundryBar_69.jpg,340,340,laundry,50,26,223,327
laundryBar_70.jpg,340,340,laundry,110,25,285,320
laundryBar_71.jpg,340,255,laundry,9,77,281,255
laundryBar_72.jpg,340,453,laundry,250,186,340,342
laundryBar_77.jpg,340,340,laundry,73,36,240,298
laundryBar_79.jpg,340,227,laundry,76,27,251,227
laundryBar_8.jpg,340,600,laundry,38,75,301,506
laundryBar_81.jpg,340,307,laundry,78,132,183,282
laundryBar_82.jpg,340,450,laundry,54,130,289,415
laundryBar_83.jpg,340,340,laundry,44,50,292,321
laundryBar_86.jpg,340,255,laundry,113,20,223,255
laundryBar_9.jpg,340,255,laundry,90,14,229,208
laundryBar_97.jpg,340,340,laundry,6,31,329,316
laundry_1.jpg,340,255,laundry,2,1,340,195
laundry_10.jpg,340,202,laundry,51,60,120,94
laundry_10.jpg,340,202,laundry,79,84,192,147
laundry_10.jpg,340,202,laundry,189,91,320,201
laundry_100.jpg,340,225,laundry,24,69,262,177
laundry_101.jpg,340,297,laundry,65,91,175,177
laundry_101.jpg,340,297,laundry,125,58,225,131
laundry_101.jpg,340,297,laundry,195,35,293,111
laundry_101.jpg,340,297,laundry,288,49,340,113
laundry_101.jpg,340,297,laundry,227,77,334,199
laundry_101.jpg,340,297,laundry,277,177,330,262
laundry_104.jpg,340,227,laundry,88,70,218,208
laundry_11.jpg,340,227,laundry,52,47,251,173
laundry_110.jpg,340,254,laundry,59,1,288,164
laundry_113.jpg,340,227,laundry,59,59,289,219
laundry_117.jpg,340,165,laundry,19,27,101,120
laundry_117.jpg,340,165,laundry,95,19,174,129
laundry_125.jpg,340,192,laundry,94,22,257,175
laundry_126.jpg,340,233,laundry,33,47,338,233
laundry_137.jpg,340,255,laundry,8,38,338,255
laundry_15.jpg,340,255,laundry,74,107,182,250
laundry_15.jpg,340,255,laundry,154,93,278,200
laundry_18.jpg,340,227,laundry,69,1,316,209
laundry_2.jpg,340,191,laundry,41,1,129,106
laundry_2.jpg,340,191,laundry,98,5,297,115
laundry_22.jpg,340,255,laundry,48,49,314,255
laundry_23.jpg,340,255,laundry,38,64,155,174
laundry_23.jpg,340,255,laundry,177,57,282,204
laundry_3.jpg,340,453,laundry,5,44,340,385
laundry_30.jpg,340,192,laundry,39,3,274,192
laundry_35.jpg,340,255,laundry,29,71,316,250
laundry_38.jpg,340,453,laundry,88,64,239,344
laundry_4.jpg,340,377,laundry,76,169,138,277
laundry_4.jpg,340,377,laundry,122,182,195,294
laundry_4.jpg,340,377,laundry,171,183,233,284
laundry_4.jpg,340,377,laundry,212,128,262,299
laundry_40.jpg,340,600,laundry,116,107,322,265
laundry_45.jpg,340,227,laundry,75,9,157,139
laundry_45.jpg,340,227,laundry,134,14,198,139
laundry_45.jpg,340,227,laundry,202,13,267,155
laundry_45.jpg,340,227,laundry,255,19,326,173
laundry_45.jpg,340,227,laundry,138,154,278,227
laundry_45.jpg,340,227,laundry,90,133,208,185
laundry_46.jpg,340,227,laundry,92,3,329,107
laundry_47.jpg,340,232,laundry,10,59,309,218
laundry_48.jpg,340,453,laundry,11,151,315,341
laundry_5.jpg,340,191,laundry,60,12,262,179
laundry_50.jpg,340,227,laundry,134,91,294,178
laundry_51.jpg,340,453,laundry,1,46,331,417
laundry_53.jpg,340,315,laundry,8,144,246,315
laundry_55.jpg,340,227,laundry,60,54,255,227
laundry_55.jpg,340,227,laundry,143,1,301,152
laundry_56.jpg,340,537,laundry,22,53,331,251
laundry_56.jpg,340,537,laundry,14,267,332,484
laundry_56.jpg,340,537,laundry,97,199,227,375
laundry_57.jpg,340,227,laundry,79,7,338,227
laundry_62.jpg,340,255,laundry,31,73,294,249
laundry_63.jpg,340,600,laundry,10,138,339,435
laundry_64.jpg,340,453,laundry,9,95,285,310
laundry_70.jpg,340,227,laundry,36,12,298,226
laundry_73.jpg,340,165,laundry,180,5,325,142
laundry_73.jpg,340,165,laundry,15,4,190,153
laundry_78.jpg,340,255,laundry,196,124,324,205
laundry_81.jpg,340,600,laundry,34,12,172,79
laundry_81.jpg,340,600,laundry,20,80,129,167
laundry_81.jpg,340,600,laundry,77,102,251,213
laundry_81.jpg,340,600,laundry,129,222,237,350
laundry_81.jpg,340,600,laundry,6,228,128,327
laundry_81.jpg,340,600,laundry,168,389,340,582
laundry_81.jpg,340,600,laundry,225,261,340,396
laundry_87.jpg,340,227,laundry,173,32,333,208
laundry_87.jpg,340,227,laundry,1,21,173,210
laundry_88.jpg,340,191,laundry,67,52,281,188
laundry_91.jpg,340,454,laundry,23,55,340,445
laundry_95.jpg,340,340,laundry,50,1,278,190
laundry_95.jpg,340,340,laundry,55,198,292,340
laundry_96.jpg,340,165,laundry,21,1,289,162
multiOutlet_108.jpg,340,217,multi_outlet,63,12,276,212
multiOutlet_109.jpg,340,255,multi_outlet,28,109,322,168
multiOutlet_110.jpg,340,340,multi_outlet,8,143,298,261
multiOutlet_111.jpg,340,320,multi_outlet,47,15,272,293
multiOutlet_112.jpg,340,340,multi_outlet,43,97,285,247
multiOutlet_113.jpg,340,340,multi_outlet,35,59,279,306
multiOutlet_114.jpg,340,453,multi_outlet,130,200,224,370
multiOutlet_115.jpg,340,255,multi_outlet,35,62,180,195
multiOutlet_117.jpg,340,340,multi_outlet,26,155,330,300
multiOutlet_117.jpg,340,340,multi_outlet,21,120,260,229
multiOutlet_117.jpg,340,340,multi_outlet,19,87,202,169
multiOutlet_117.jpg,340,340,multi_outlet,23,59,153,120
multiOutlet_117.jpg,340,340,multi_outlet,21,40,112,86
multiOutlet_118.jpg,340,255,multi_outlet,141,34,314,102
multiOutlet_119.jpg,340,191,multi_outlet,21,1,296,191
multiOutlet_12.jpg,340,340,multi_outlet,27,124,315,232
multiOutlet_120.jpg,340,340,multi_outlet,226,39,323,223
multiOutlet_122.jpg,340,340,multi_outlet,43,34,186,140
multiOutlet_122.jpg,340,340,multi_outlet,22,155,205,315
multiOutlet_123.jpg,340,249,multi_outlet,178,102,225,226
multiOutlet_125.jpg,340,252,multi_outlet,88,18,176,85
multiOutlet_125.jpg,340,252,multi_outlet,25,56,211,163
multiOutlet_125.jpg,340,252,multi_outlet,219,105,319,198
multiOutlet_125.jpg,340,252,multi_outlet,1,106,200,250
multiOutlet_126.jpg,340,227,multi_outlet,47,42,269,219
multiOutlet_128.jpg,340,453,multi_outlet,197,243,311,315
multiOutlet_129.jpg,340,340,multi_outlet,114,142,243,254
multiOutlet_13.jpg,340,340,multi_outlet,133,121,173,296
multiOutlet_131.jpg,340,453,multi_outlet,60,115,284,322
multiOutlet_132.jpg,340,227,multi_outlet,81,57,340,189
multiOutlet_133.jpg,340,255,multi_outlet,46,83,290,238
multiOutlet_135.jpg,340,340,multi_outlet,78,130,252,285
multiOutlet_136.jpg,340,340,multi_outlet,9,158,125,256
multiOutlet_136.jpg,340,340,multi_outlet,114,146,225,314
multiOutlet_136.jpg,340,340,multi_outlet,200,152,320,324
multiOutlet_139.jpg,340,191,multi_outlet,70,59,278,191
multiOutlet_140.jpg,340,340,multi_outlet,118,163,301,331
multiOutlet_140.jpg,340,340,multi_outlet,88,109,297,292
multiOutlet_140.jpg,340,340,multi_outlet,62,61,290,259
multiOutlet_141.jpg,340,416,multi_outlet,17,52,266,303
multiOutlet_142.jpg,340,200,multi_outlet,23,52,327,194
multiOutlet_144.jpg,340,101,multi_outlet,150,26,195,101
multiOutlet_17.jpg,340,340,multi_outlet,83,2,215,329
multiOutlet_2.jpg,340,340,multi_outlet,26,170,305,233
multiOutlet_20.jpg,340,340,multi_outlet,178,228,236,306
multiOutlet_23.jpg,340,340,multi_outlet,16,195,148,320
multiOutlet_24.jpg,340,340,multi_outlet,43,11,288,115
multiOutlet_24.jpg,340,340,multi_outlet,94,98,299,228
multiOutlet_24.jpg,340,340,multi_outlet,70,181,258,316
multiOutlet_27.jpg,340,340,multi_outlet,155,117,221,318
multiOutlet_32.jpg,340,340,multi_outlet,13,124,330,223
multiOutlet_33.jpg,340,453,multi_outlet,100,179,296,452
multiOutlet_38.jpg,340,340,multi_outlet,1,49,210,331
multiOutlet_41.jpg,340,340,multi_outlet,29,95,323,261
multiOutlet_43.jpg,340,340,multi_outlet,42,149,243,199
multiOutlet_45.jpg,340,340,multi_outlet,97,33,247,327
multiOutlet_48.jpg,340,340,multi_outlet,102,259,180,317
multiOutlet_50.jpg,340,340,multi_outlet,17,54,175,216
multiOutlet_52.jpg,340,340,multi_outlet,113,89,173,324
multiOutlet_53.jpg,340,340,multi_outlet,85,7,211,298
multiOutlet_55.jpg,340,340,multi_outlet,73,76,157,271
multiOutlet_56.jpg,340,340,multi_outlet,114,59,239,325
multiOutlet_61.jpg,340,340,multi_outlet,139,35,202,327
multiOutlet_62.jpg,340,340,multi_outlet,25,46,323,279
multiOutlet_63.jpg,340,340,multi_outlet,3,74,198,267
multiOutlet_66.jpg,340,340,multi_outlet,149,109,307,164
multiOutlet_66.jpg,340,340,multi_outlet,236,189,285,244
multiOutlet_66.jpg,340,340,multi_outlet,77,255,253,307
multiOutlet_70.jpg,340,340,multi_outlet,16,26,120,318
multiOutlet_70.jpg,340,340,multi_outlet,264,166,288,229
multiOutlet_72.jpg,340,340,multi_outlet,155,96,204,270
multiOutlet_73.jpg,340,340,multi_outlet,19,82,305,255
multiOutlet_76.jpg,340,340,multi_outlet,3,143,314,216
multiOutlet_77.jpg,340,340,multi_outlet,26,124,301,274
multiOutlet_78.jpg,340,340,multi_outlet,80,35,136,211
multiOutlet_79.jpg,340,340,multi_outlet,59,90,305,283
multiOutlet_81.jpg,340,340,multi_outlet,78,93,174,309
multiOutlet_86.jpg,340,340,multi_outlet,153,98,206,272
multiOutlet_87.jpg,340,340,multi_outlet,40,118,306,214
multiOutlet_9.jpg,340,340,multi_outlet,14,69,103,320
multiOutlet_9.jpg,340,340,multi_outlet,103,13,330,223
multiOutlet_90.jpg,340,340,multi_outlet,76,89,245,261
multiOutlet_91.jpg,340,340,multi_outlet,32,78,223,221
multiOutlet_94.jpg,340,340,multi_outlet,15,94,336,173
multiOutlet_95.jpg,340,340,multi_outlet,61,61,285,284
pet_10.jpg,340,227,pet,52,43,173,188
pet_10.jpg,340,227,pet,126,112,256,227
pet_10.jpg,340,227,pet,123,70,295,180
pet_100.jpg,340,223,pet,52,43,320,203
pet_101.jpg,340,453,pet,38,37,324,453
pet_102.jpg,340,227,pet,135,65,226,191
pet_103.jpg,340,315,pet,18,74,340,259
pet_104.jpg,340,229,pet,2,60,243,229
pet_105.jpg,340,340,pet,107,65,292,222
pet_106.jpg,340,227,pet,1,2,340,218
pet_107.jpg,340,340,pet,15,95,334,277
pet_109.jpg,340,341,pet,2,2,179,217
pet_109.jpg,340,341,pet,171,55,340,223
pet_11.jpg,340,340,pet,63,56,294,245
pet_110.jpg,340,226,pet,25,53,229,207
pet_111.jpg,340,510,pet,71,190,297,440
pet_113.jpg,340,227,pet,133,93,238,227
pet_114.jpg,340,192,pet,156,42,340,190
pet_116.jpg,340,231,pet,199,20,309,216
pet_116.jpg,340,231,pet,123,51,184,142
pet_116.jpg,340,231,pet,66,61,142,138
pet_117.jpg,340,165,pet,39,2,260,165
pet_118.jpg,340,141,pet,118,9,201,115
pet_12.jpg,340,227,pet,164,37,301,201
pet_121.jpg,340,165,pet,1,24,172,154
pet_121.jpg,340,165,pet,212,6,339,165
pet_122.jpg,340,226,pet,181,39,340,225
pet_123.jpg,340,227,pet,1,6,231,225
pet_124.jpg,340,194,pet,130,13,320,194
pet_125.jpg,340,340,pet,104,31,258,340
pet_126.jpg,340,226,pet,1,53,207,226
pet_127.jpg,340,218,pet,101,19,269,212
pet_128.jpg,340,333,pet,1,7,327,333
pet_13.jpg,340,226,pet,47,30,149,198
pet_130.jpg,340,340,pet,111,119,238,318
pet_131.jpg,340,165,pet,149,1,340,162
pet_133.jpg,340,335,pet,95,52,340,220
pet_134.jpg,340,340,pet,88,69,302,287
pet_135.jpg,340,198,pet,22,13,245,198
pet_137.jpg,340,344,pet,25,13,340,343
pet_138.jpg,340,340,pet,1,17,338,297
pet_139.jpg,340,340,pet,105,92,296,308
pet_140.jpg,340,247,pet,11,72,151,246
pet_140.jpg,340,247,pet,107,79,211,243
pet_141.jpg,340,227,pet,147,26,340,226
pet_142.jpg,340,510,pet,88,111,288,483
pet_15.jpg,340,224,pet,74,115,170,216
pet_15.jpg,340,224,pet,163,32,274,216
pet_15.jpg,340,224,pet,101,17,168,114
pet_16.jpg,340,165,pet,13,69,111,161
pet_16.jpg,340,165,pet,103,37,207,162
pet_16.jpg,340,165,pet,204,64,274,160
pet_18.jpg,340,227,pet,139,81,186,156
pet_2.jpg,340,340,pet,45,34,340,220
pet_20.jpg,340,197,pet,40,20,236,197
pet_22.jpg,340,227,pet,84,3,216,145
pet_23.jpg,340,304,pet,8,40,338,304
pet_24.jpg,340,281,pet,91,143,232,270
pet_25.jpg,340,214,pet,107,38,269,193
pet_27.jpg,340,227,pet,99,36,215,227
pet_28.jpg,340,226,pet,43,36,227,226
pet_29.jpg,340,227,pet,11,77,197,207
pet_3.jpg,340,340,pet,23,88,166,231
pet_3.jpg,340,340,pet,164,74,316,230
pet_31.jpg,340,227,pet,73,49,175,205
pet_32.jpg,340,228,pet,89,102,190,192
pet_34.jpg,340,227,pet,151,59,337,227
pet_35.jpg,340,227,pet,1,30,213,225
pet_39.jpg,340,227,pet,8,9,274,227
pet_4.jpg,340,340,pet,6,34,323,340
pet_42.jpg,340,265,pet,103,26,251,265
pet_43.jpg,340,217,pet,168,34,301,206
pet_44.jpg,340,227,pet,95,57,336,227
pet_45.jpg,340,220,pet,45,5,285,170
pet_47.jpg,340,165,pet,106,89,271,150
pet_47.jpg,340,165,pet,186,59,259,107
pet_47.jpg,340,165,pet,204,41,307,88
pet_47.jpg,340,165,pet,95,28,187,118
pet_47.jpg,340,165,pet,57,47,98,109
pet_47.jpg,340,165,pet,137,22,197,58
pet_47.jpg,340,165,pet,205,14,262,59
pet_48.jpg,340,453,pet,30,107,311,453
pet_49.jpg,340,165,pet,155,41,301,156
pet_49.jpg,340,165,pet,61,58,162,156
pet_50.jpg,340,511,pet,1,135,300,510
pet_51.jpg,340,208,pet,181,50,340,139
pet_52.jpg,340,226,pet,111,23,251,210
pet_53.jpg,340,340,pet,108,115,263,264
pet_53.jpg,340,340,pet,202,105,318,254
pet_54.jpg,340,476,pet,35,83,261,410
pet_56.jpg,340,227,pet,61,75,242,174
pet_57.jpg,340,396,pet,82,120,287,367
pet_59.jpg,340,227,pet,121,31,254,227
pet_60.jpg,340,224,pet,12,17,140,210
pet_60.jpg,340,224,pet,180,41,336,223
pet_61.jpg,340,228,pet,94,58,247,150
pet_62.jpg,340,227,pet,120,13,298,227
pet_63.jpg,340,227,pet,106,48,286,188
pet_66.jpg,340,227,pet,52,75,135,216
pet_66.jpg,340,227,pet,82,48,177,174
pet_66.jpg,340,227,pet,144,41,249,182
pet_67.jpg,340,340,pet,120,108,280,219
pet_7.jpg,340,340,pet,38,25,258,240
pet_7.jpg,340,340,pet,138,178,178,237
pet_7.jpg,340,340,pet,169,167,209,236
pet_7.jpg,340,340,pet,227,165,272,242
pet_70.jpg,340,230,pet,85,47,267,223
pet_71.jpg,340,227,pet,174,28,267,165
pet_73.jpg,340,227,pet,8,100,68,209
pet_73.jpg,340,227,pet,58,117,131,227
pet_73.jpg,340,227,pet,136,109,207,208
pet_73.jpg,340,227,pet,208,89,267,201
pet_73.jpg,340,227,pet,271,97,337,210
pet_73.jpg,340,227,pet,131,21,204,181
pet_74.jpg,340,191,pet,146,24,262,190
pet_76.jpg,340,340,pet,47,77,337,268
pet_78.jpg,340,227,pet,135,63,301,150
pet_79.jpg,340,340,pet,42,138,174,340
pet_79.jpg,340,340,pet,165,175,325,339
pet_8.jpg,340,231,pet,2,29,248,231
pet_80.jpg,340,227,pet,8,26,307,172
pet_82.jpg,340,305,pet,11,77,173,298
pet_83.jpg,340,272,pet,96,91,235,233
pet_84.jpg,340,340,pet,7,74,266,257
pet_85.jpg,340,510,pet,49,278,204,457
pet_85.jpg,340,510,pet,112,155,303,398
pet_88.jpg,340,340,pet,91,141,290,340
pet_89.jpg,340,227,pet,24,39,241,227
pet_90.jpg,340,227,pet,62,64,177,201
pet_90.jpg,340,227,pet,203,114,293,185
pet_90.jpg,340,227,pet,171,80,235,153
pet_91.jpg,340,256,pet,19,14,331,255
pet_92.jpg,340,165,pet,111,1,337,165
pet_93.jpg,340,255,pet,22,3,243,245
pet_95.jpg,340,229,pet,108,67,232,199
pet_96.jpg,340,340,pet,73,56,283,274
pet_97.jpg,340,340,pet,97,8,324,214
pet_99.jpg,340,255,pet,29,1,340,254
pooPad_1.jpg,340,227,poo_pad,1,1,310,225
pooPad_10.jpg,340,227,poo_pad,21,10,340,225
pooPad_100.jpg,340,255,poo_pad,21,1,279,254
pooPad_101.jpg,340,272,poo_pad,1,1,340,251
pooPad_103.jpg,340,227,poo_pad,51,17,294,206
pooPad_106.jpg,340,340,poo_pad,1,2,236,275
pooPad_108.jpg,340,232,poo_pad,1,1,339,232
pooPad_109.jpg,340,235,poo_pad,54,51,270,205
pooPad_110.jpg,340,227,poo_pad,2,1,340,153
pooPad_112.jpg,340,255,poo_pad,1,33,203,233
pooPad_112.jpg,340,255,poo_pad,1,15,339,254
pooPad_115.jpg,340,255,poo_pad,59,22,287,204
pooPad_117.jpg,340,255,poo_pad,9,13,289,248
pooPad_118.jpg,340,226,poo_pad,1,1,339,223
pooPad_119.jpg,340,255,poo_pad,1,7,182,209
pooPad_119.jpg,340,255,poo_pad,125,22,335,253
pooPad_12.jpg,340,255,poo_pad,40,25,300,243
pooPad_121.jpg,340,255,poo_pad,1,31,340,246
pooPad_125.jpg,340,453,poo_pad,1,2,337,321
pooPad_126.jpg,340,227,poo_pad,29,1,337,224
pooPad_127.jpg,340,340,poo_pad,2,3,340,338
pooPad_128.jpg,340,255,poo_pad,2,1,340,253
pooPad_133.jpg,340,227,poo_pad,3,19,284,185
pooPad_134.jpg,340,340,poo_pad,25,2,335,340
pooPad_135.jpg,340,255,poo_pad,11,14,289,231
pooPad_135.jpg,340,255,poo_pad,36,3,340,225
pooPad_139.jpg,340,227,poo_pad,3,1,340,225
pooPad_14.jpg,340,340,poo_pad,35,47,279,276
pooPad_140.jpg,340,340,poo_pad,28,2,340,326
pooPad_144.jpg,340,165,poo_pad,1,1,285,144
pooPad_147.jpg,340,255,poo_pad,26,14,304,240
pooPad_149.jpg,340,340,poo_pad,166,57,340,243
pooPad_149.jpg,340,340,poo_pad,1,68,235,269
pooPad_149.jpg,340,340,poo_pad,1,1,182,87
pooPad_16.jpg,340,227,poo_pad,14,1,337,227
pooPad_18.jpg,340,255,poo_pad,3,59,260,253
pooPad_18.jpg,340,255,poo_pad,147,6,340,193
pooPad_18.jpg,340,255,poo_pad,1,8,140,179
pooPad_18.jpg,340,255,poo_pad,81,1,287,88
pooPad_19.jpg,340,255,poo_pad,1,17,229,255
pooPad_19.jpg,340,255,poo_pad,1,1,337,253
pooPad_2.jpg,340,227,poo_pad,78,33,329,224
pooPad_22.jpg,340,600,poo_pad,1,1,329,472
pooPad_23.jpg,340,453,poo_pad,1,1,334,399
pooPad_24.jpg,340,453,poo_pad,2,14,339,439
pooPad_25.jpg,340,227,poo_pad,1,1,339,226
pooPad_27.jpg,340,255,poo_pad,1,12,340,239
pooPad_29.jpg,340,255,poo_pad,1,49,193,255
pooPad_3.jpg,340,255,poo_pad,98,32,326,232
pooPad_3.jpg,340,255,poo_pad,27,1,331,255
pooPad_32.jpg,340,340,poo_pad,11,1,298,340
pooPad_33.jpg,340,255,poo_pad,1,1,339,255
pooPad_34.jpg,340,265,poo_pad,15,27,333,232
pooPad_35.jpg,340,227,poo_pad,1,1,340,224
pooPad_36.jpg,340,510,poo_pad,1,3,337,510
pooPad_37.jpg,340,255,poo_pad,1,1,336,255
pooPad_38.jpg,340,453,poo_pad,4,2,340,450
pooPad_4.jpg,340,256,poo_pad,42,27,308,238
pooPad_41.jpg,340,453,poo_pad,46,23,283,387
pooPad_42.jpg,340,237,poo_pad,1,58,226,220
pooPad_42.jpg,340,237,poo_pad,1,15,333,224
pooPad_43.jpg,340,258,poo_pad,21,15,324,258
pooPad_44.jpg,340,227,poo_pad,53,47,308,201
pooPad_46.jpg,340,191,poo_pad,14,1,319,191
pooPad_51.jpg,340,255,poo_pad,24,73,339,233
pooPad_54.jpg,340,227,poo_pad,5,7,340,225
pooPad_55.jpg,340,227,poo_pad,20,1,315,227
pooPad_56.jpg,340,227,poo_pad,2,2,340,225
pooPad_57.jpg,340,227,poo_pad,1,1,338,225
pooPad_59.jpg,340,340,poo_pad,27,55,314,260
pooPad_6.jpg,340,255,poo_pad,12,31,313,230
pooPad_60.jpg,340,227,poo_pad,1,2,340,225
pooPad_61.jpg,340,453,poo_pad,31,52,338,427
pooPad_62.jpg,340,227,poo_pad,24,1,318,202
pooPad_63.jpg,340,191,poo_pad,3,1,327,191
pooPad_64.jpg,340,308,poo_pad,48,2,339,308
pooPad_65.jpg,340,227,poo_pad,8,26,340,226
pooPad_66.jpg,340,340,poo_pad,3,46,340,339
pooPad_68.jpg,340,255,poo_pad,2,28,337,254
pooPad_69.jpg,340,227,poo_pad,2,1,338,225
pooPad_7.jpg,340,600,poo_pad,37,108,316,467
pooPad_70.jpg,340,227,poo_pad,47,30,303,207
pooPad_72.jpg,340,255,poo_pad,1,2,340,252
pooPad_73.jpg,340,227,poo_pad,1,1,340,225
pooPad_74.jpg,340,164,poo_pad,12,8,327,151
pooPad_75.jpg,340,255,poo_pad,3,41,340,253
pooPad_76.jpg,340,255,poo_pad,15,58,340,254
pooPad_77.jpg,340,227,poo_pad,1,30,167,180
pooPad_77.jpg,340,227,poo_pad,52,1,228,104
pooPad_77.jpg,340,227,poo_pad,76,32,339,227
pooPad_78.jpg,340,206,poo_pad,1,1,337,204
pooPad_79.jpg,340,226,poo_pad,1,1,340,226
pooPad_8.jpg,340,453,poo_pad,1,90,321,420
pooPad_81.jpg,340,255,poo_pad,1,1,340,251
pooPad_83.jpg,340,255,poo_pad,159,7,340,252
pooPad_83.jpg,340,255,poo_pad,1,11,166,253
pooPad_87.jpg,340,227,poo_pad,63,1,339,157
pooPad_89.jpg,340,205,poo_pad,22,2,340,204
pooPad_9.jpg,340,255,poo_pad,16,38,340,218
pooPad_92.jpg,340,226,poo_pad,18,37,338,226
pooPad_93.jpg,340,340,poo_pad,1,47,340,320
pooPad_94.jpg,340,255,poo_pad,2,3,340,254
pooPad_95.jpg,340,255,poo_pad,1,55,333,255
pooPad_96.jpg,340,255,poo_pad,1,16,331,241
poo_10.jpg,340,227,poo,58,45,304,166
poo_107.jpg,340,226,poo,129,14,199,198
poo_113.jpg,340,254,poo,9,51,326,173
poo_114.jpg,340,340,poo,99,114,221,226
poo_12.jpg,340,165,poo,128,45,232,149
poo_122.jpg,340,453,poo,138,136,245,426
poo_125.jpg,340,600,poo,3,204,340,511
poo_130.jpg,340,340,poo,97,91,259,302
poo_133.jpg,340,340,poo,99,50,198,191
poo_14.jpg,340,255,poo,117,108,267,211
poo_147.jpg,340,340,poo,25,108,252,228
poo_16.jpg,340,340,poo,20,87,322,256
poo_17.jpg,340,340,poo,50,90,294,233
poo_19.jpg,340,600,poo,46,218,261,376
poo_20.jpg,340,453,poo,34,76,301,316
poo_21.jpg,340,451,poo,28,211,259,361
poo_22.jpg,340,165,poo,80,88,253,160
poo_26.jpg,340,600,poo,78,144,260,425
poo_36.jpg,340,227,poo,67,10,262,215
poo_37.jpg,340,254,poo,104,61,234,178
poo_4.jpg,340,600,poo,72,82,204,362
poo_43.jpg,340,255,poo,30,100,307,222
poo_44.jpg,340,255,poo,140,92,233,137
poo_45.jpg,340,255,poo,107,114,237,159
poo_48.jpg,340,165,poo,120,49,248,128
poo_63.jpg,340,453,poo,62,158,259,351
poo_64.jpg,340,273,poo,111,10,278,166
poo_65.jpg,340,165,poo,56,68,302,131
poo_67.jpg,340,255,poo,55,71,277,201
poo_7.jpg,340,255,poo,91,69,283,154
poo_72.jpg,340,165,poo,66,70,202,122
poo_76.jpg,340,600,poo,119,142,208,301
poo_76.jpg,340,600,poo,168,253,266,488
poo_82.jpg,340,340,poo,56,48,198,212
poo_86.jpg,340,255,poo,110,100,199,176
poo_9.jpg,340,255,poo,50,139,229,204
poo_93.jpg,340,453,poo,101,243,214,418
poo_97.jpg,340,453,poo,110,59,227,327
poo_98.jpg,340,255,poo,78,74,259,175
remoteControl_1.jpg,340,345,remote_control,69,15,269,337
remoteControl_10.jpg,340,340,remote_control,89,71,253,309
remoteControl_100.jpg,340,453,remote_control,24,97,105,398
remoteControl_100.jpg,340,453,remote_control,115,132,199,376
remoteControl_100.jpg,340,453,remote_control,268,173,334,309
remoteControl_100.jpg,340,453,remote_control,198,174,267,324
remoteControl_101.jpg,340,453,remote_control,113,42,239,453
remoteControl_102.jpg,340,600,remote_control,30,96,172,488
remoteControl_102.jpg,340,600,remote_control,158,56,283,505
remoteControl_106.jpg,340,453,remote_control,111,41,221,439
remoteControl_108.jpg,340,226,remote_control,161,15,225,216
remoteControl_108.jpg,340,226,remote_control,80,32,136,196
remoteControl_11.jpg,340,453,remote_control,61,30,322,453
remoteControl_111.jpg,340,255,remote_control,43,21,119,232
remoteControl_111.jpg,340,255,remote_control,232,35,305,198
remoteControl_112.jpg,340,380,remote_control,1,9,335,370
remoteControl_113.jpg,340,453,remote_control,111,44,226,453
remoteControl_114.jpg,340,191,remote_control,66,67,308,127
remoteControl_115.jpg,340,226,remote_control,70,24,201,221
remoteControl_115.jpg,340,226,remote_control,153,35,305,177
remoteControl_116.jpg,340,453,remote_control,120,35,251,453
remoteControl_12.jpg,340,255,remote_control,84,40,212,222
remoteControl_12.jpg,340,255,remote_control,162,67,312,220
remoteControl_121.jpg,340,165,remote_control,93,1,165,165
remoteControl_121.jpg,340,165,remote_control,173,1,248,165
remoteControl_122.jpg,340,191,remote_control,41,54,316,134
remoteControl_123.jpg,340,600,remote_control,47,184,325,481
remoteControl_124.jpg,340,600,remote_control,56,132,163,500
remoteControl_124.jpg,340,600,remote_control,165,101,276,506
remoteControl_125.jpg,340,600,remote_control,128,244,225,508
remoteControl_126.jpg,340,165,remote_control,61,23,107,133
remoteControl_126.jpg,340,165,remote_control,113,27,149,139
remoteControl_126.jpg,340,165,remote_control,158,16,204,145
remoteControl_126.jpg,340,165,remote_control,211,26,259,139
remoteControl_126.jpg,340,165,remote_control,259,51,294,114
remoteControl_127.jpg,340,453,remote_control,140,20,288,435
remoteControl_128.jpg,340,600,remote_control,94,26,249,585
remoteControl_129.jpg,340,249,remote_control,148,33,196,213
remoteControl_13.jpg,340,600,remote_control,83,50,224,538
remoteControl_131.jpg,340,340,remote_control,184,12,262,324
remoteControl_132.jpg,340,191,remote_control,88,82,237,191
remoteControl_133.jpg,340,340,remote_control,106,15,212,340
remoteControl_134.jpg,340,255,remote_control,1,18,280,248
remoteControl_135.jpg,340,600,remote_control,18,129,131,526
remoteControl_135.jpg,340,600,remote_control,131,175,248,442
remoteControl_135.jpg,340,600,remote_control,223,175,333,407
remoteControl_136.jpg,340,453,remote_control,99,91,236,415
remoteControl_137.jpg,340,453,remote_control,115,31,222,441
remoteControl_138.jpg,340,453,remote_control,92,2,206,453
remoteControl_139.jpg,340,453,remote_control,115,44,236,432
remoteControl_14.jpg,340,453,remote_control,58,61,320,427
remoteControl_140.jpg,340,453,remote_control,83,35,223,442
remoteControl_140.jpg,340,453,remote_control,195,51,328,447
remoteControl_141.jpg,340,340,remote_control,103,7,200,311
remoteControl_142.jpg,340,255,remote_control,42,138,319,204
remoteControl_143.jpg,340,255,remote_control,53,89,301,183
remoteControl_16.jpg,340,450,remote_control,110,33,254,409
remoteControl_17.jpg,340,510,remote_control,51,157,133,352
remoteControl_17.jpg,340,510,remote_control,182,218,307,354
remoteControl_18.jpg,340,415,remote_control,128,16,211,355
remoteControl_19.jpg,340,227,remote_control,38,32,122,133
remoteControl_19.jpg,340,227,remote_control,78,72,143,165
remoteControl_19.jpg,340,227,remote_control,137,30,203,222
remoteControl_2.jpg,340,453,remote_control,58,26,178,432
remoteControl_20.jpg,340,340,remote_control,50,8,259,333
remoteControl_22.jpg,340,255,remote_control,37,62,108,253
remoteControl_22.jpg,340,255,remote_control,105,14,172,254
remoteControl_22.jpg,340,255,remote_control,162,59,245,239
remoteControl_22.jpg,340,255,remote_control,236,67,295,229
remoteControl_26.jpg,340,600,remote_control,51,153,339,383
remoteControl_27.jpg,340,191,remote_control,134,11,247,178
remoteControl_3.jpg,340,227,remote_control,119,31,229,219
remoteControl_30.jpg,340,453,remote_control,113,35,239,434
remoteControl_31.jpg,340,255,remote_control,161,1,230,229
remoteControl_32.jpg,340,453,remote_control,77,112,156,353
remoteControl_32.jpg,340,453,remote_control,173,58,262,358
remoteControl_33.jpg,340,255,remote_control,99,49,330,255
remoteControl_34.jpg,340,191,remote_control,111,33,156,169
remoteControl_34.jpg,340,191,remote_control,151,27,190,165
remoteControl_35.jpg,340,340,remote_control,47,38,130,272
remoteControl_39.jpg,340,454,remote_control,82,113,243,426
remoteControl_4.jpg,340,255,remote_control,26,14,234,175
remoteControl_40.jpg,340,165,remote_control,130,11,192,165
remoteControl_41.jpg,340,600,remote_control,62,158,291,485
remoteControl_42.jpg,340,165,remote_control,64,1,128,165
remoteControl_42.jpg,340,165,remote_control,218,1,278,165
remoteControl_43.jpg,340,227,remote_control,107,10,142,127
remoteControl_43.jpg,340,227,remote_control,130,130,166,225
remoteControl_43.jpg,340,227,remote_control,183,134,220,220
remoteControl_43.jpg,340,227,remote_control,157,13,192,119
remoteControl_43.jpg,340,227,remote_control,198,8,233,122
remoteControl_44.jpg,340,340,remote_control,127,5,213,337
remoteControl_46.jpg,340,600,remote_control,106,92,284,458
remoteControl_47.jpg,340,453,remote_control,116,70,216,410
remoteControl_48.jpg,340,165,remote_control,50,26,267,154
remoteControl_5.jpg,340,340,remote_control,127,19,211,319
remoteControl_50.jpg,340,165,remote_control,45,9,133,165
remoteControl_50.jpg,340,165,remote_control,125,1,204,137
remoteControl_50.jpg,340,165,remote_control,177,1,277,164
remoteControl_51.jpg,340,255,remote_control,54,84,309,163
remoteControl_52.jpg,340,600,remote_control,94,67,228,536
remoteControl_54.jpg,340,340,remote_control,77,36,152,311
remoteControl_54.jpg,340,340,remote_control,190,43,268,295
remoteControl_55.jpg,340,255,remote_control,169,6,248,255
remoteControl_56.jpg,340,453,remote_control,118,43,222,419
remoteControl_57.jpg,340,340,remote_control,48,11,137,315
remoteControl_57.jpg,340,340,remote_control,202,5,299,324
remoteControl_58.jpg,340,340,remote_control,141,3,234,254
remoteControl_6.jpg,340,453,remote_control,103,82,221,453
remoteControl_60.jpg,340,227,remote_control,120,16,220,225
remoteControl_61.jpg,340,229,remote_control,1,1,337,228
remoteControl_63.jpg,340,453,remote_control,117,4,224,427
remoteControl_64.jpg,340,453,remote_control,40,64,111,282
remoteControl_64.jpg,340,453,remote_control,150,74,222,375
remoteControl_65.jpg,340,600,remote_control,18,204,131,435
remoteControl_65.jpg,340,600,remote_control,160,155,242,446
remoteControl_66.jpg,340,255,remote_control,105,24,205,243
remoteControl_67.jpg,340,453,remote_control,125,1,258,453
remoteControl_68.jpg,340,227,remote_control,83,60,214,227
remoteControl_69.jpg,340,255,remote_control,53,21,131,217
remoteControl_69.jpg,340,255,remote_control,123,65,180,196
remoteControl_69.jpg,340,255,remote_control,192,45,248,174
remoteControl_70.jpg,340,600,remote_control,18,102,137,503
remoteControl_70.jpg,340,600,remote_control,163,102,286,496
remoteControl_71.jpg,340,453,remote_control,77,49,193,453
remoteControl_74.jpg,340,453,remote_control,95,41,223,443
remoteControl_75.jpg,340,302,remote_control,45,1,293,302
remoteControl_76.jpg,340,453,remote_control,109,48,214,396
remoteControl_77.jpg,340,191,remote_control,88,37,137,165
remoteControl_77.jpg,340,191,remote_control,244,28,302,168
remoteControl_77.jpg,340,191,remote_control,203,41,247,163
remoteControl_77.jpg,340,191,remote_control,46,40,90,162
remoteControl_78.jpg,340,262,remote_control,30,1,123,260
remoteControl_79.jpg,340,453,remote_control,128,82,225,411
remoteControl_81.jpg,340,600,remote_control,78,146,169,444
remoteControl_82.jpg,340,600,remote_control,99,68,240,454
remoteControl_83.jpg,340,600,remote_control,114,77,228,467
remoteControl_84.jpg,340,600,remote_control,101,50,248,506
remoteControl_85.jpg,340,191,remote_control,17,57,70,169
remoteControl_85.jpg,340,191,remote_control,97,24,154,165
remoteControl_85.jpg,340,191,remote_control,268,44,313,117
remoteControl_85.jpg,340,191,remote_control,180,27,244,159
remoteControl_87.jpg,340,600,remote_control,111,95,221,472
remoteControl_89.jpg,340,378,remote_control,1,1,340,376
remoteControl_90.jpg,340,453,remote_control,109,48,220,428
remoteControl_92.jpg,340,453,remote_control,39,72,147,412
remoteControl_92.jpg,340,453,remote_control,172,67,279,419
remoteControl_93.jpg,340,600,remote_control,68,35,274,581
remoteControl_94.jpg,340,255,remote_control,90,33,269,226
remoteControl_95.jpg,340,453,remote_control,130,51,245,416
remoteControl_96.jpg,340,600,remote_control,12,56,153,516
remoteControl_97.jpg,340,600,remote_control,87,62,237,538
remoteControl_99.jpg,340,453,remote_control,119,57,214,392
slipper_1.jpg,340,255,slipper,74,19,159,245
slipper_1.jpg,340,255,slipper,160,22,240,241
slipper_100.jpg,340,340,slipper,33,102,217,335
slipper_100.jpg,340,340,slipper,163,1,297,242
slipper_101.jpg,340,340,slipper,23,23,162,169
slipper_101.jpg,340,340,slipper,176,27,323,173
slipper_101.jpg,340,340,slipper,85,172,241,327
slipper_104.jpg,340,340,slipper,3,84,309,271
slipper_105.jpg,340,326,slipper,33,36,333,302
slipper_106.jpg,340,340,slipper,18,108,112,267
slipper_106.jpg,340,340,slipper,100,74,177,229
slipper_106.jpg,340,340,slipper,170,128,327,299
slipper_108.jpg,340,340,slipper,7,110,164,222
slipper_108.jpg,340,340,slipper,114,46,269,166
slipper_108.jpg,340,340,slipper,205,149,340,263
slipper_109.jpg,340,340,slipper,7,25,162,163
slipper_109.jpg,340,340,slipper,179,37,316,128
slipper_109.jpg,340,340,slipper,15,140,327,332
slipper_111.jpg,340,340,slipper,36,65,142,187
slipper_111.jpg,340,340,slipper,127,115,185,259
slipper_111.jpg,340,340,slipper,189,101,285,233
slipper_111.jpg,340,340,slipper,159,220,296,328
slipper_111.jpg,340,340,slipper,64,181,139,330
slipper_113.jpg,340,340,slipper,86,16,245,204
slipper_113.jpg,340,340,slipper,76,194,277,335
slipper_114.jpg,340,340,slipper,24,24,317,324
slipper_115.jpg,340,340,slipper,9,205,207,328
slipper_115.jpg,340,340,slipper,104,146,254,296
slipper_116.jpg,340,340,slipper,3,47,331,299
slipper_118.jpg,340,425,slipper,16,45,301,414
slipper_119.jpg,340,191,slipper,32,16,159,183
slipper_119.jpg,340,191,slipper,167,16,291,184
slipper_120.jpg,340,340,slipper,52,33,144,145
slipper_120.jpg,340,340,slipper,189,31,285,142
slipper_120.jpg,340,340,slipper,185,201,289,315
slipper_120.jpg,340,340,slipper,51,202,151,314
slipper_121.jpg,340,340,slipper,4,77,203,309
slipper_121.jpg,340,340,slipper,140,49,340,273
slipper_122.jpg,340,340,slipper,31,130,209,221
slipper_122.jpg,340,340,slipper,104,176,302,290
slipper_123.jpg,340,340,slipper,69,92,172,325
slipper_123.jpg,340,340,slipper,172,72,311,296
slipper_124.jpg,340,340,slipper,8,33,63,169
slipper_124.jpg,340,340,slipper,113,36,161,163
slipper_124.jpg,340,340,slipper,211,30,265,164
slipper_124.jpg,340,340,slipper,220,165,279,303
slipper_124.jpg,340,340,slipper,119,162,168,310
slipper_124.jpg,340,340,slipper,12,165,69,308
slipper_125.jpg,340,340,slipper,47,28,292,322
slipper_126.jpg,340,340,slipper,13,47,288,279
slipper_127.jpg,340,340,slipper,74,186,316,302
slipper_13.jpg,340,340,slipper,53,31,280,123
slipper_13.jpg,340,340,slipper,69,117,298,280
slipper_130.jpg,340,340,slipper,27,64,300,167
slipper_131.jpg,340,340,slipper,12,15,336,336
slipper_133.jpg,340,362,slipper,53,112,159,259
slipper_133.jpg,340,362,slipper,127,134,253,277
slipper_135.jpg,340,383,slipper,169,39,315,173
slipper_135.jpg,340,383,slipper,21,152,234,367
slipper_136.jpg,340,340,slipper,33,85,328,252
slipper_137.jpg,340,340,slipper,2,84,340,247
slipper_138.jpg,340,227,slipper,72,29,198,170
slipper_138.jpg,340,227,slipper,140,52,264,204
slipper_14.jpg,340,340,slipper,29,11,190,290
slipper_14.jpg,340,340,slipper,115,26,285,324
slipper_140.jpg,340,340,slipper,32,95,241,212
slipper_140.jpg,340,340,slipper,79,123,322,262
slipper_141.jpg,340,340,slipper,76,10,185,229
slipper_141.jpg,340,340,slipper,1,224,190,308
slipper_142.jpg,340,328,slipper,73,172,314,303
slipper_144.jpg,340,340,slipper,147,45,266,306
slipper_17.jpg,340,340,slipper,51,71,114,198
slipper_17.jpg,340,340,slipper,169,198,315,287
slipper_19.jpg,340,340,slipper,86,96,175,294
slipper_19.jpg,340,340,slipper,162,96,266,284
slipper_2.jpg,340,340,slipper,71,47,340,252
slipper_2.jpg,340,340,slipper,1,65,161,296
slipper_21.jpg,340,340,slipper,36,115,230,206
slipper_21.jpg,340,340,slipper,94,133,294,231
slipper_24.jpg,340,340,slipper,49,44,234,249
slipper_24.jpg,340,340,slipper,113,86,289,305
slipper_25.jpg,340,340,slipper,25,53,247,162
slipper_25.jpg,340,340,slipper,152,90,300,278
slipper_26.jpg,340,340,slipper,41,90,234,223
slipper_26.jpg,340,340,slipper,188,32,303,314
slipper_27.jpg,340,340,slipper,34,25,227,256
slipper_27.jpg,340,340,slipper,112,78,314,318
slipper_30.jpg,340,340,slipper,88,28,220,309
slipper_31.jpg,340,340,slipper,36,89,225,299
slipper_31.jpg,340,340,slipper,147,156,291,320
slipper_34.jpg,340,340,slipper,176,38,311,308
slipper_36.jpg,340,227,slipper,171,38,239,213
slipper_37.jpg,340,340,slipper,72,114,322,255
slipper_38.jpg,340,340,slipper,190,24,284,191
slipper_38.jpg,340,340,slipper,1,53,130,239
slipper_39.jpg,340,340,slipper,97,177,338,301
slipper_40.jpg,340,340,slipper,169,19,293,316
slipper_42.jpg,340,340,slipper,129,57,323,277
slipper_43.jpg,340,340,slipper,77,173,338,305
slipper_44.jpg,340,340,slipper,178,42,303,305
slipper_45.jpg,340,340,slipper,11,62,239,211
slipper_48.jpg,340,340,slipper,29,223,214,322
slipper_49.jpg,340,340,slipper,185,176,268,276
slipper_49.jpg,340,340,slipper,27,227,146,306
slipper_50.jpg,340,340,slipper,100,152,289,314
slipper_51.jpg,340,340,slipper,38,105,251,306
slipper_52.jpg,340,340,slipper,36,182,179,317
slipper_52.jpg,340,340,slipper,173,164,279,270
slipper_52.jpg,340,340,slipper,215,153,318,242
slipper_53.jpg,340,340,slipper,1,134,169,245
slipper_53.jpg,340,340,slipper,196,236,331,292
slipper_53.jpg,340,340,slipper,214,99,340,175
slipper_54.jpg,340,340,slipper,119,54,164,145
slipper_54.jpg,340,340,slipper,211,102,328,164
slipper_54.jpg,340,340,slipper,202,185,276,297
slipper_54.jpg,340,340,slipper,91,190,166,302
slipper_54.jpg,340,340,slipper,17,150,119,208
slipper_55.jpg,340,331,slipper,143,159,325,266
slipper_56.jpg,340,340,slipper,9,128,189,272
slipper_57.jpg,340,219,slipper,235,106,297,175
slipper_57.jpg,340,219,slipper,179,98,228,162
slipper_57.jpg,340,219,slipper,85,129,143,206
slipper_58.jpg,340,340,slipper,110,185,175,305
slipper_58.jpg,340,340,slipper,85,48,174,181
slipper_59.jpg,340,340,slipper,76,146,273,317
slipper_60.jpg,340,340,slipper,140,102,294,292
slipper_61.jpg,340,255,slipper,99,88,281,227
slipper_62.jpg,340,340,slipper,163,103,254,261
slipper_62.jpg,340,340,slipper,1,148,146,293
slipper_64.jpg,340,340,slipper,136,164,332,297
slipper_65.jpg,340,340,slipper,26,112,132,334
slipper_65.jpg,340,340,slipper,223,92,338,271
slipper_66.jpg,340,273,slipper,34,70,156,263
slipper_66.jpg,340,273,slipper,155,35,257,211
slipper_67.jpg,340,340,slipper,130,96,263,287
slipper_68.jpg,340,225,slipper,56,108,166,194
slipper_68.jpg,340,225,slipper,171,86,292,176
slipper_69.jpg,340,340,slipper,178,56,268,296
slipper_72.jpg,340,340,slipper,172,233,288,337
slipper_72.jpg,340,340,slipper,173,18,235,168
slipper_73.jpg,340,340,slipper,75,166,340,309
slipper_74.jpg,340,227,slipper,237,105,309,197
slipper_74.jpg,340,227,slipper,44,59,179,123
slipper_75.jpg,340,340,slipper,89,128,296,287
slipper_76.jpg,340,340,slipper,104,106,309,287
slipper_77.jpg,340,340,slipper,102,88,335,295
slipper_78.jpg,340,340,slipper,158,38,304,227
slipper_81.jpg,340,340,slipper,136,77,219,268
slipper_83.jpg,340,340,slipper,148,33,295,251
slipper_86.jpg,340,340,slipper,113,181,261,330
slipper_87.jpg,340,340,slipper,69,98,198,145
slipper_87.jpg,340,340,slipper,57,158,144,262
slipper_88.jpg,340,345,slipper,5,90,189,181
slipper_89.jpg,340,340,slipper,9,91,167,202
slipper_89.jpg,340,340,slipper,110,193,307,290
slipper_9.jpg,340,340,slipper,90,140,304,288
slipper_91.jpg,340,340,slipper,67,16,144,131
slipper_91.jpg,340,340,slipper,190,42,268,158
slipper_92.jpg,340,340,slipper,154,23,267,311
slipper_93.jpg,340,340,slipper,35,27,179,153
slipper_95.jpg,340,340,slipper,89,115,336,284
slipper_97.jpg,340,340,slipper,16,145,169,330
slipper_98.jpg,340,340,slipper,182,226,329,324
slipper_98.jpg,340,340,slipper,38,175,194,273
slipper_98.jpg,340,340,slipper,189,85,328,171
smartPhone_100.jpg,340,255,smart_phone,196,74,300,236
smartPhone_100.jpg,340,255,smart_phone,81,67,181,225
smartPhone_101.jpg,340,403,smart_phone,92,122,258,349
smartPhone_101.jpg,340,403,smart_phone,185,41,306,272
smartPhone_103.jpg,340,454,smart_phone,91,72,262,399
smartPhone_105.jpg,340,229,smart_phone,96,21,243,212
smartPhone_107.jpg,340,238,smart_phone,105,25,252,216
smartPhone_11.jpg,340,227,smart_phone,87,1,257,224
smartPhone_111.jpg,340,255,smart_phone,13,63,49,113
smartPhone_111.jpg,340,255,smart_phone,47,69,79,116
smartPhone_111.jpg,340,255,smart_phone,82,69,113,114
smartPhone_111.jpg,340,255,smart_phone,119,64,149,114
smartPhone_111.jpg,340,255,smart_phone,152,60,184,116
smartPhone_111.jpg,340,255,smart_phone,185,56,216,113
smartPhone_111.jpg,340,255,smart_phone,221,61,253,115
smartPhone_111.jpg,340,255,smart_phone,253,61,288,114
smartPhone_111.jpg,340,255,smart_phone,289,62,321,115
smartPhone_111.jpg,340,255,smart_phone,296,111,334,168
smartPhone_111.jpg,340,255,smart_phone,259,111,298,167
smartPhone_111.jpg,340,255,smart_phone,220,104,256,167
smartPhone_111.jpg,340,255,smart_phone,187,107,218,164
smartPhone_111.jpg,340,255,smart_phone,153,109,182,168
smartPhone_111.jpg,340,255,smart_phone,114,111,147,163
smartPhone_111.jpg,340,255,smart_phone,75,113,109,164
smartPhone_111.jpg,340,255,smart_phone,38,112,71,166
smartPhone_111.jpg,340,255,smart_phone,1,110,39,167
smartPhone_111.jpg,340,255,smart_phone,1,159,31,203
smartPhone_111.jpg,340,255,smart_phone,32,159,69,203
smartPhone_111.jpg,340,255,smart_phone,71,151,109,203
smartPhone_111.jpg,340,255,smart_phone,110,153,146,204
smartPhone_111.jpg,340,255,smart_phone,152,152,190,203
smartPhone_111.jpg,340,255,smart_phone,189,157,224,205
smartPhone_111.jpg,340,255,smart_phone,231,163,267,206
smartPhone_111.jpg,340,255,smart_phone,268,162,305,204
smartPhone_111.jpg,340,255,smart_phone,305,156,340,205
smartPhone_112.jpg,340,205,smart_phone,89,2,339,141
smartPhone_112.jpg,340,205,smart_phone,63,2,338,202
smartPhone_113.jpg,340,217,smart_phone,115,12,243,206
smartPhone_116.jpg,340,255,smart_phone,62,52,179,247
smartPhone_116.jpg,340,255,smart_phone,187,30,310,242
smartPhone_116.jpg,340,255,smart_phone,5,20,60,130
smartPhone_116.jpg,340,255,smart_phone,81,19,138,144
smartPhone_116.jpg,340,255,smart_phone,156,37,209,145
smartPhone_116.jpg,340,255,smart_phone,284,42,340,161
smartPhone_117.jpg,340,375,smart_phone,12,20,324,349
smartPhone_118.jpg,340,600,smart_phone,62,123,279,537
smartPhone_120.jpg,340,453,smart_phone,60,52,294,142
smartPhone_120.jpg,340,453,smart_phone,41,137,311,245
smartPhone_120.jpg,340,453,smart_phone,5,240,325,410
smartPhone_121.jpg,340,340,smart_phone,75,36,263,323
smartPhone_124.jpg,340,226,smart_phone,90,16,253,207
smartPhone_125.jpg,340,195,smart_phone,23,26,145,195
smartPhone_125.jpg,340,195,smart_phone,144,18,231,191
smartPhone_125.jpg,340,195,smart_phone,223,41,339,195
smartPhone_129.jpg,340,340,smart_phone,95,47,238,296
smartPhone_13.jpg,340,340,smart_phone,154,88,240,272
smartPhone_130.jpg,340,453,smart_phone,73,6,278,451
smartPhone_131.jpg,340,231,smart_phone,1,22,36,94
smartPhone_131.jpg,340,231,smart_phone,51,23,86,94
smartPhone_131.jpg,340,231,smart_phone,99,20,137,93
smartPhone_131.jpg,340,231,smart_phone,153,21,190,95
smartPhone_131.jpg,340,231,smart_phone,205,23,241,95
smartPhone_131.jpg,340,231,smart_phone,259,24,296,94
smartPhone_131.jpg,340,231,smart_phone,308,39,340,93
smartPhone_131.jpg,340,231,smart_phone,288,100,330,180
smartPhone_131.jpg,340,231,smart_phone,244,97,285,182
smartPhone_131.jpg,340,231,smart_phone,203,97,242,182
smartPhone_131.jpg,340,231,smart_phone,163,102,202,181
smartPhone_131.jpg,340,231,smart_phone,120,102,157,182
smartPhone_131.jpg,340,231,smart_phone,75,103,115,183
smartPhone_131.jpg,340,231,smart_phone,1,98,25,181
smartPhone_131.jpg,340,231,smart_phone,30,103,72,183
smartPhone_131.jpg,340,231,smart_phone,244,175,320,229
smartPhone_134.jpg,340,262,smart_phone,8,16,185,252
smartPhone_137.jpg,340,340,smart_phone,18,21,169,264
smartPhone_137.jpg,340,340,smart_phone,117,95,283,340
smartPhone_137.jpg,340,340,smart_phone,172,3,324,252
smartPhone_14.jpg,340,255,smart_phone,7,57,62,168
smartPhone_14.jpg,340,255,smart_phone,52,61,116,181
smartPhone_14.jpg,340,255,smart_phone,139,70,202,187
smartPhone_14.jpg,340,255,smart_phone,214,75,275,174
smartPhone_14.jpg,340,255,smart_phone,261,66,310,158
smartPhone_141.jpg,340,191,smart_phone,74,7,258,191
smartPhone_15.jpg,340,255,smart_phone,66,26,273,255
smartPhone_16.jpg,340,255,smart_phone,39,4,285,240
smartPhone_19.jpg,340,453,smart_phone,62,31,276,437
smartPhone_2.jpg,340,340,smart_phone,117,6,321,336
smartPhone_21.jpg,340,453,smart_phone,37,3,252,453
smartPhone_22.jpg,340,340,smart_phone,69,49,268,302
smartPhone_26.jpg,340,530,smart_phone,88,15,322,517
smartPhone_27.jpg,340,453,smart_phone,17,105,324,380
smartPhone_28.jpg,340,340,smart_phone,92,36,244,296
smartPhone_29.jpg,340,340,smart_phone,30,75,231,273
smartPhone_3.jpg,340,227,smart_phone,141,29,310,227
smartPhone_3.jpg,340,227,smart_phone,81,25,233,227
smartPhone_30.jpg,340,478,smart_phone,85,15,209,314
smartPhone_30.jpg,340,478,smart_phone,196,40,301,304
smartPhone_31.jpg,340,451,smart_phone,37,55,314,440
smartPhone_32.jpg,340,331,smart_phone,15,91,95,256
smartPhone_32.jpg,340,331,smart_phone,123,93,201,256
smartPhone_32.jpg,340,331,smart_phone,232,92,311,255
smartPhone_33.jpg,340,255,smart_phone,142,50,238,243
smartPhone_33.jpg,340,255,smart_phone,237,53,328,226
smartPhone_34.jpg,340,227,smart_phone,1,75,92,223
smartPhone_34.jpg,340,227,smart_phone,91,59,193,204
smartPhone_34.jpg,340,227,smart_phone,165,44,274,186
smartPhone_35.jpg,340,340,smart_phone,82,68,191,283
smartPhone_36.jpg,340,255,smart_phone,41,39,298,236
smartPhone_38.jpg,340,227,smart_phone,46,10,260,227
smartPhone_39.jpg,340,455,smart_phone,12,23,284,455
smartPhone_4.jpg,340,255,smart_phone,36,7,334,254
smartPhone_41.jpg,340,226,smart_phone,139,45,227,194
smartPhone_42.jpg,340,220,smart_phone,47,35,228,188
smartPhone_42.jpg,340,220,smart_phone,130,46,287,192
smartPhone_44.jpg,340,340,smart_phone,63,27,203,313
smartPhone_44.jpg,340,340,smart_phone,137,27,278,313
smartPhone_45.jpg,340,227,smart_phone,109,51,188,213
smartPhone_45.jpg,340,227,smart_phone,217,14,307,197
smartPhone_46.jpg,340,340,smart_phone,100,128,163,197
smartPhone_46.jpg,340,340,smart_phone,143,142,196,208
smartPhone_46.jpg,340,340,smart_phone,188,144,241,220
smartPhone_46.jpg,340,340,smart_phone,235,152,289,227
smartPhone_46.jpg,340,340,smart_phone,227,223,284,328
smartPhone_46.jpg,340,340,smart_phone,170,217,232,315
smartPhone_46.jpg,340,340,smart_phone,116,207,179,302
smartPhone_46.jpg,340,340,smart_phone,61,194,141,286
smartPhone_47.jpg,340,377,smart_phone,47,78,143,290
smartPhone_47.jpg,340,377,smart_phone,117,65,224,291
smartPhone_47.jpg,340,377,smart_phone,194,59,297,288
smartPhone_49.jpg,340,453,smart_phone,92,60,259,387
smartPhone_5.jpg,340,453,smart_phone,44,84,282,408
smartPhone_51.jpg,340,233,smart_phone,27,75,169,233
smartPhone_51.jpg,340,233,smart_phone,168,90,283,233
smartPhone_53.jpg,340,340,smart_phone,47,85,305,259
smartPhone_54.jpg,340,227,smart_phone,104,1,208,227
smartPhone_55.jpg,340,223,smart_phone,80,1,332,222
smartPhone_56.jpg,340,238,smart_phone,27,19,132,200
smartPhone_56.jpg,340,238,smart_phone,208,32,315,199
smartPhone_57.jpg,340,368,smart_phone,1,38,232,368
smartPhone_57.jpg,340,368,smart_phone,139,1,340,333
smartPhone_59.jpg,340,226,smart_phone,73,32,253,216
smartPhone_63.jpg,340,340,smart_phone,15,40,312,309
smartPhone_65.jpg,340,343,smart_phone,29,39,180,289
smartPhone_65.jpg,340,343,smart_phone,105,56,275,332
smartPhone_7.jpg,340,499,smart_phone,56,25,275,474
smartPhone_70.jpg,340,227,smart_phone,116,13,209,211
smartPhone_71.jpg,340,301,smart_phone,138,5,325,300
smartPhone_74.jpg,340,226,smart_phone,74,10,267,226
smartPhone_74.jpg,340,226,smart_phone,87,15,179,191
smartPhone_76.jpg,340,227,smart_phone,137,37,289,217
smartPhone_77.jpg,340,592,smart_phone,2,133,340,382
smartPhone_78.jpg,340,255,smart_phone,205,30,309,235
smartPhone_8.jpg,340,227,smart_phone,80,16,263,222
smartPhone_81.jpg,340,230,smart_phone,118,42,219,221
smartPhone_82.jpg,340,255,smart_phone,119,19,249,250
smartPhone_83.jpg,340,226,smart_phone,123,13,220,211
smartPhone_86.jpg,340,335,smart_phone,1,1,161,334
smartPhone_86.jpg,340,335,smart_phone,176,4,339,334
smartPhone_87.jpg,340,230,smart_phone,121,21,212,217
smartPhone_88.jpg,340,453,smart_phone,21,69,291,453
smartPhone_9.jpg,340,340,smart_phone,26,4,340,304
smartPhone_90.jpg,340,454,smart_phone,1,122,316,454
smartPhone_92.jpg,340,227,smart_phone,58,61,237,225
smartPhone_92.jpg,340,227,smart_phone,135,26,293,158
smartPhone_94.jpg,340,255,smart_phone,126,27,303,254
smartPhone_94.jpg,340,255,smart_phone,59,37,196,255
smartPhone_96.jpg,340,318,smart_phone,53,21,338,318
smartPhone_99.jpg,340,255,smart_phone,60,72,129,209
smartPhone_99.jpg,340,255,smart_phone,127,82,188,208
smartPhone_99.jpg,340,255,smart_phone,186,81,252,207
smartPhone_99.jpg,340,255,smart_phone,246,92,308,205
stand_1.jpg,340,340,stand,96,276,187,321
stand_14.jpg,340,340,stand,123,193,255,256
stand_143.jpg,340,340,stand,23,271,76,300
stand_18.jpg,340,340,stand,197,280,292,326
stand_19.jpg,340,340,stand,109,263,279,330
stand_21.jpg,340,340,stand,55,292,129,305
stand_21.jpg,340,340,stand,133,292,214,301
stand_21.jpg,340,340,stand,219,291,295,301
stand_22.jpg,340,340,stand,153,280,281,321
stand_3.jpg,340,340,stand,29,261,126,312
stand_3.jpg,340,340,stand,223,240,310,283
stand_36.jpg,340,191,stand,106,153,226,184
stand_53.jpg,340,340,stand,132,284,192,305
stand_53.jpg,340,340,stand,242,284,308,303
stand_53.jpg,340,340,stand,171,167,225,185
stand_53.jpg,340,340,stand,34,213,90,231
stand_56.jpg,340,339,stand,84,241,174,275
stand_58.jpg,340,340,stand,152,278,221,330
stand_60.jpg,340,340,stand,79,258,237,318
stand_66.jpg,340,340,stand,50,297,185,312
stand_7.jpg,340,340,stand,85,224,291,328
stand_74.jpg,340,395,stand,222,265,309,305
stand_9.jpg,340,340,stand,60,268,280,314
stationary_100.jpg,340,227,stationery,119,16,243,73
stationary_100.jpg,340,227,stationery,124,112,298,184
stationary_102.jpg,340,228,stationery,56,29,197,106
stationary_102.jpg,340,228,stationery,250,15,286,146
stationary_102.jpg,340,228,stationery,287,25,335,166
stationary_103.jpg,340,340,stationery,226,35,291,276
stationary_103.jpg,340,340,stationery,34,53,81,338
stationary_103.jpg,340,340,stationery,159,20,186,290
stationary_105.jpg,340,453,stationery,46,63,150,441
stationary_105.jpg,340,453,stationery,192,55,278,441
stationary_105.jpg,340,453,stationery,153,59,189,441
stationary_106.jpg,340,255,stationery,28,77,323,219
stationary_110.jpg,340,238,stationery,10,102,303,144
stationary_111.jpg,340,340,stationery,27,155,256,252
stationary_112.jpg,340,255,stationery,36,95,309,131
stationary_112.jpg,340,255,stationery,36,155,313,195
stationary_113.jpg,340,255,stationery,70,140,264,182
stationary_113.jpg,340,255,stationery,97,167,292,242
stationary_114.jpg,340,192,stationery,7,103,336,134
stationary_115.jpg,340,255,stationery,161,5,181,250
stationary_115.jpg,340,255,stationery,88,16,148,247
stationary_115.jpg,340,255,stationery,200,49,335,248
stationary_117.jpg,340,453,stationery,258,295,308,407
stationary_117.jpg,340,453,stationery,127,41,247,122
stationary_117.jpg,340,453,stationery,56,111,107,431
stationary_118.jpg,340,255,stationery,50,108,283,138
stationary_12.jpg,340,255,stationery,164,79,321,103
stationary_12.jpg,340,255,stationery,11,147,159,165
stationary_12.jpg,340,255,stationery,1,34,161,50
stationary_12.jpg,340,255,stationery,1,50,160,63
stationary_12.jpg,340,255,stationery,5,183,159,200
stationary_12.jpg,340,255,stationery,1,80,161,89
stationary_12.jpg,340,255,stationery,1,92,160,103
stationary_12.jpg,340,255,stationery,1,103,160,110
stationary_12.jpg,340,255,stationery,1,112,159,122
stationary_12.jpg,340,255,stationery,1,125,157,136
stationary_12.jpg,340,255,stationery,169,34,332,52
stationary_120.jpg,340,255,stationery,16,160,333,221
stationary_122.jpg,340,191,stationery,73,36,283,90
stationary_122.jpg,340,191,stationery,9,90,260,165
stationary_122.jpg,340,191,stationery,36,76,271,133
stationary_122.jpg,340,191,stationery,59,50,277,109
stationary_124.jpg,340,255,stationery,77,10,155,159
stationary_124.jpg,340,255,stationery,136,86,231,229
stationary_124.jpg,340,255,stationery,110,25,187,180
stationary_125.jpg,340,165,stationery,29,59,311,130
stationary_125.jpg,340,165,stationery,7,10,285,77
stationary_129.jpg,340,255,stationery,50,58,271,86
stationary_129.jpg,340,255,stationery,48,186,289,213
stationary_130.jpg,340,277,stationery,38,152,194,249
stationary_131.jpg,340,237,stationery,1,11,331,45
stationary_131.jpg,340,237,stationery,3,73,331,99
stationary_131.jpg,340,237,stationery,1,133,333,165
stationary_131.jpg,340,237,stationery,3,193,332,224
stationary_133.jpg,340,340,stationery,100,132,340,252
stationary_133.jpg,340,340,stationery,33,60,298,145
stationary_135.jpg,340,204,stationery,87,9,114,203
stationary_135.jpg,340,204,stationery,126,19,158,204
stationary_137.jpg,340,255,stationery,154,55,178,206
stationary_137.jpg,340,255,stationery,196,34,241,57
stationary_146.jpg,340,227,stationery,68,78,284,163
stationary_15.jpg,340,340,stationery,36,59,90,308
stationary_15.jpg,340,340,stationery,98,55,150,312
stationary_15.jpg,340,340,stationery,169,52,208,302
stationary_15.jpg,340,340,stationery,217,55,280,300
stationary_16.jpg,340,340,stationery,131,210,218,290
stationary_16.jpg,340,340,stationery,1,52,78,86
stationary_19.jpg,340,255,stationery,22,36,78,58
stationary_19.jpg,340,255,stationery,20,58,70,73
stationary_19.jpg,340,255,stationery,233,25,318,48
stationary_19.jpg,340,255,stationery,241,48,310,69
stationary_19.jpg,340,255,stationery,220,61,340,96
stationary_19.jpg,340,255,stationery,93,96,110,221
stationary_2.jpg,340,227,stationery,30,52,282,83
stationary_2.jpg,340,227,stationery,31,93,289,137
stationary_2.jpg,340,227,stationery,26,146,314,182
stationary_20.jpg,340,255,stationery,68,25,121,211
stationary_20.jpg,340,255,stationery,14,41,58,206
stationary_20.jpg,340,255,stationery,113,19,147,174
stationary_21.jpg,340,453,stationery,82,166,340,404
stationary_22.jpg,340,453,stationery,163,96,202,339
stationary_23.jpg,340,600,stationery,138,21,189,582
stationary_25.jpg,340,340,stationery,33,85,85,153
stationary_25.jpg,340,340,stationery,16,153,88,300
stationary_25.jpg,340,340,stationery,81,159,340,188
stationary_27.jpg,340,453,stationery,228,14,269,407
stationary_27.jpg,340,453,stationery,189,3,238,416
stationary_27.jpg,340,453,stationery,51,32,133,422
stationary_30.jpg,340,254,stationery,62,102,283,123
stationary_30.jpg,340,254,stationery,61,123,282,144
stationary_31.jpg,340,453,stationery,174,61,235,425
stationary_31.jpg,340,453,stationery,14,63,82,430
stationary_33.jpg,340,255,stationery,305,63,332,105
stationary_33.jpg,340,255,stationery,289,99,335,165
stationary_33.jpg,340,255,stationery,49,105,75,184
stationary_33.jpg,340,255,stationery,51,38,74,104
stationary_35.jpg,340,348,stationery,148,119,171,328
stationary_35.jpg,340,348,stationery,186,132,255,334
stationary_36.jpg,340,227,stationery,33,57,333,192
stationary_37.jpg,340,454,stationery,98,351,195,440
stationary_37.jpg,340,454,stationery,30,253,265,396
stationary_37.jpg,340,454,stationery,105,96,338,206
stationary_4.jpg,340,340,stationery,43,69,288,99
stationary_4.jpg,340,340,stationery,10,130,295,195
stationary_41.jpg,340,255,stationery,1,142,58,218
stationary_41.jpg,340,255,stationery,132,22,266,58
stationary_41.jpg,340,255,stationery,62,188,325,227
stationary_41.jpg,340,255,stationery,97,119,316,140
stationary_42.jpg,340,255,stationery,79,39,103,225
stationary_42.jpg,340,255,stationery,136,20,150,233
stationary_42.jpg,340,255,stationery,193,17,246,222
stationary_43.jpg,340,255,stationery,203,33,266,241
stationary_43.jpg,340,255,stationery,174,34,208,226
stationary_43.jpg,340,255,stationery,136,38,167,227
stationary_43.jpg,340,255,stationery,95,53,128,229
stationary_44.jpg,340,165,stationery,19,6,217,153
stationary_47.jpg,340,340,stationery,60,105,324,142
stationary_47.jpg,340,340,stationery,66,193,329,220
stationary_47.jpg,340,340,stationery,57,249,335,286
stationary_49.jpg,340,255,stationery,15,92,63,255
stationary_49.jpg,340,255,stationery,85,69,114,111
stationary_49.jpg,340,255,stationery,238,26,254,127
stationary_50.jpg,340,255,stationery,134,45,327,69
stationary_50.jpg,340,255,stationery,161,211,258,255
stationary_50.jpg,340,255,stationery,88,108,284,128
stationary_52.jpg,340,227,stationery,149,53,289,207
stationary_53.jpg,340,255,stationery,61,24,229,162
stationary_56.jpg,340,255,stationery,17,117,338,187
stationary_57.jpg,340,255,stationery,134,21,154,226
stationary_57.jpg,340,255,stationery,160,21,183,234
stationary_57.jpg,340,255,stationery,189,22,223,235
stationary_58.jpg,340,200,stationery,232,40,272,188
stationary_59.jpg,340,255,stationery,242,99,267,191
stationary_59.jpg,340,255,stationery,162,93,178,194
stationary_59.jpg,340,255,stationery,220,99,234,190
stationary_59.jpg,340,255,stationery,28,119,54,184
stationary_60.jpg,340,255,stationery,168,39,185,221
stationary_62.jpg,340,340,stationery,40,255,140,295
stationary_62.jpg,340,340,stationery,7,293,191,330
stationary_62.jpg,340,340,stationery,205,121,246,238
stationary_66.jpg,340,255,stationery,87,54,133,209
stationary_66.jpg,340,255,stationery,174,36,195,185
stationary_70.jpg,340,255,stationery,78,161,269,247
stationary_70.jpg,340,255,stationery,98,86,298,156
stationary_72.jpg,340,255,stationery,59,94,298,184
stationary_75.jpg,340,255,stationery,68,135,280,161
stationary_75.jpg,340,255,stationery,76,104,267,125
stationary_75.jpg,340,255,stationery,95,71,259,93
stationary_76.jpg,340,255,stationery,92,85,182,205
stationary_77.jpg,340,216,stationery,15,66,312,115
toy_100.jpg,340,255,toy,21,2,340,227
toy_101.jpg,340,340,toy,103,12,233,327
toy_105.jpg,340,255,toy,55,22,275,240
toy_108.jpg,340,226,toy,4,46,309,155
toy_111.jpg,340,255,toy,1,13,301,200
toy_113.jpg,340,335,toy,19,32,318,313
toy_118.jpg,340,227,toy,5,10,337,216
toy_12.jpg,340,255,toy,23,71,129,189
toy_123.jpg,340,453,toy,98,120,317,427
toy_124.jpg,340,255,toy,105,94,254,237
toy_125.jpg,340,600,toy,23,131,263,319
toy_128.jpg,340,404,toy,30,17,286,389
toy_130.jpg,340,600,toy,12,129,326,506
toy_131.jpg,340,600,toy,17,97,317,395
toy_132.jpg,340,255,toy,39,5,306,135
toy_133.jpg,340,165,toy,41,16,150,165
toy_135.jpg,340,255,toy,196,60,269,141
toy_139.jpg,340,227,toy,68,27,108,72
toy_139.jpg,340,227,toy,110,33,145,86
toy_139.jpg,340,227,toy,144,40,179,84
toy_139.jpg,340,227,toy,182,105,216,145
toy_139.jpg,340,227,toy,118,114,178,152
toy_139.jpg,340,227,toy,4,115,85,150
toy_14.jpg,340,453,toy,74,14,277,403
toy_141.jpg,340,191,toy,58,23,258,181
toy_143.jpg,340,165,toy,12,8,125,116
toy_144.jpg,340,340,toy,21,13,317,329
toy_16.jpg,340,600,toy,68,239,301,527
toy_20.jpg,340,227,toy,162,35,255,156
toy_21.jpg,340,230,toy,166,21,330,221
toy_23.jpg,340,191,toy,126,53,213,161
toy_28.jpg,340,340,toy,31,84,116,272
toy_36.jpg,340,227,toy,1,16,173,201
toy_41.jpg,340,600,toy,4,154,340,408
toy_45.jpg,340,255,toy,195,136,234,222
toy_45.jpg,340,255,toy,12,118,148,254
toy_49.jpg,340,340,toy,9,45,339,300
toy_51.jpg,340,255,toy,243,86,244,88
toy_52.jpg,340,165,toy,120,73,241,165
toy_54.jpg,340,191,toy,149,72,203,141
toy_54.jpg,340,191,toy,214,71,264,131
toy_54.jpg,340,191,toy,109,138,162,191
toy_56.jpg,340,255,toy,171,103,280,236
toy_56.jpg,340,255,toy,174,9,283,103
toy_56.jpg,340,255,toy,37,16,162,102
toy_56.jpg,340,255,toy,18,104,162,227
toy_57.jpg,340,255,toy,85,62,168,133
toy_57.jpg,340,255,toy,7,133,265,243
toy_58.jpg,340,255,toy,71,43,272,222
toy_59.jpg,340,453,toy,211,214,320,313
toy_59.jpg,340,453,toy,151,272,223,346
toy_6.jpg,340,255,toy,127,119,190,191
toy_60.jpg,340,191,toy,155,50,180,97
toy_61.jpg,340,453,toy,111,193,213,271
toy_62.jpg,340,453,toy,1,18,296,172
toy_64.jpg,340,340,toy,5,23,80,120
toy_64.jpg,340,340,toy,88,12,159,114
toy_64.jpg,340,340,toy,173,10,238,111
toy_65.jpg,340,191,toy,163,120,230,189
toy_65.jpg,340,191,toy,134,88,186,140
toy_65.jpg,340,191,toy,76,116,121,164
toy_67.jpg,340,254,toy,282,116,340,224
toy_67.jpg,340,254,toy,148,13,215,81
toy_68.jpg,340,340,toy,132,161,169,236
toy_68.jpg,340,340,toy,177,193,247,240
toy_68.jpg,340,340,toy,251,216,299,272
toy_68.jpg,340,340,toy,132,240,216,301
toy_7.jpg,340,340,toy,13,136,231,300
toy_7.jpg,340,340,toy,236,163,323,268
toy_78.jpg,340,330,toy,105,104,199,207
toy_78.jpg,340,330,toy,8,142,101,205
toy_78.jpg,340,330,toy,18,220,178,318
toy_78.jpg,340,330,toy,187,162,325,311
toy_8.jpg,340,340,toy,13,11,250,216
toy_84.jpg,340,191,toy,113,15,241,176
toy_85.jpg,340,453,toy,45,160,116,265
toy_85.jpg,340,453,toy,213,176,326,302
toy_86.jpg,340,255,toy,85,77,252,221
toy_87.jpg,340,255,toy,144,96,226,196
toy_87.jpg,340,255,toy,52,93,122,214
toy_87.jpg,340,255,toy,274,111,340,199
toy_9.jpg,340,340,toy,265,199,340,316
toy_90.jpg,340,255,toy,77,67,133,134
toy_95.jpg,340,448,toy,149,275,234,373
toy_98.jpg,340,133,toy,194,5,301,133
toy_98.jpg,340,133,toy,25,2,155,133
